,Kana,Kanji,Meaning,Lesson,vocabulary_kanji
1,いま,今,now,1,今
2,えいご,英語,English (language),1,英語
3,がくせい,学生,student,1,学生
4,〜ご,〜語,language,1,語
5,こうこう,高校,high school,1,高校
6,ごご,午後,P.M.,1,午後
7,ごぜん,午前,A.M.,1,午前
8,〜さい,〜歳,...years old,1,歳
10,〜じ,〜時,o'clock,1,時
11,〜じん,〜人,people,1,人
12,せんせい,先生,teacher; Professor ...,1,先生
13,せんもん,専門,major,1,専門
15,だいがく,大学,college; university,1,大学
16,でんわ,電話,telephone,1,電話
17,ともだち,友達,friend,1,友達
18,なまえ,名前,name,1,名前
19,なん／なに,何,what,1,何
20,にほん,日本,Japan,1,日本
21,〜ねんせい,〜年生,...year student,1,年生
23,はん,半,half,1,半
24,ばんごう,番号,number,1,番号
25,りゅうがくせい,留学生,international student,1,留学生
26,わたし,私,I,1,私
30,かんこく,韓国,Korea,1,韓国
32,ちゅうごく,中国,China,1,中国
33,かがく,科学,science,1,科学
34,アジアけんきゅう,アジア研究,Asian studies,1,研究
35,こくさいかんけい,国際関係,international relations,1,国際関係
37,じんるいがく,人類学,anthropology,1,人類学
38,せいじ,政治,politics,1,政治
40,ぶんがく,文学,literature,1,文学
41,れきし,歴史,history,1,歴史
42,しごと,仕事,job; work; occupation,1,仕事
43,いしゃ,医者,doctor,1,医者
44,かいしゃいん,会社員,office worker,1,会社員
45,こうこうせい,高校生,high school student,1,高校生
46,しゅふ,主婦,housewife,1,主婦
47,だいがくいんせい,大学院生,graduate student,1,大学院生
48,だいがくせい,大学生,college student,1,大学生
49,べんごし,弁護士,lawyer,1,弁護士
50,おかあさん,お母さん,mother,1,母
51,おとうさん,お父さん,father,1,父
52,おねえさん,お姉さん,older sister,1,姉
53,おにいさん,お兄さん,older brother,1,兄
54,いもうと,妹,younger sister,1,妹
55,おとうと,弟,younger brother,1,弟
68,さかな,魚,fish,2,魚
70,にく,肉,meat,2,肉
72,やさい,野菜,vegetable,2,野菜
73,えんぴつ,鉛筆,pencil,2,鉛筆
74,かさ,傘,umbrella,2,傘
76,くつ,靴,shoes,2,靴
77,さいふ,財布,wallet,2,財布
79,じしょ,辞書,dictionary,2,辞書
80,じてんしゃ,自転車,bicycle,2,自転車
81,しんぶん,新聞,newspaper,2,新聞
83,とけい,時計,watch; clock,2,時計
87,ぼうし,帽子,hat; cap,2,帽子
88,ほん,本,book,2,本
89,おてあらい,お手洗い,restroom,2,手洗
90,きっさてん,喫茶店,cafe,2,喫茶店
91,ぎんこう,銀行,bank,2,銀行
92,としょかん,図書館,library,2,図書館
93,ゆうびんきょく,郵便局,post office,2,郵便局
94,けいざい,経済,economics,2,経済
96,〜えん,〜円,...yen,2,円
97,たかい,高い,expensive,2,高
104,えいが,映画,movie,3,映画
105,おんがく,音楽,music,3,音楽
106,ざっし,雑誌,magazine,3,雑誌
112,あさごはん,朝御飯,breakfast,3,朝御飯
113,おさけ,お酒,sake; alcohol,3,酒
114,おちゃ,お茶,green tea,3,茶
116,ばんごはん,晩御飯,dinner,3,晩御飯
118,ひるごはん,昼御飯,lunch,3,昼御飯
119,みず,水,water,3,水
120,いえ,家,home; house,3,家
121,うち,家,home; house; my place,3,家
123,がっこう,学校,school,3,学校
124,あさ,朝,morning,3,朝
127,きょう,今日,today,3,今日
129,こんばん,今晩,tonight,3,今晩
130,しゅうまつ,週末,weekend,3,週末
131,どようび,土曜日,Saturday,3,土曜日
132,にちようび,日曜日,Sunday,3,日曜日
133,まいにち,毎日,every day,3,毎日
134,まいばん,毎晩,every night,3,毎晩
135,いく,行く,to go,3,行
136,かえる,帰る,to go back; to return,3,帰
137,きく,聞く,to listen; to hear,3,聞
138,のむ,飲む,to drink,3,飲
139,はなす,話す,to speak; to talk,3,話
140,よむ,読む,to read,3,読
141,おきる,起きる,to get up,3,起
142,たべる,食べる,to eat,3,食
143,ねる,寝る,to sleep; to go to sleep,3,寝
144,みる,見る,to see; to look at; to watch,3,見
145,くる,来る,to come,3,来
147,べんきょうする,勉強する,to study,3,勉強
149,はやい,早い,early,3,早
151,ぜんぜん + negative,全然,not at all,3,全然
152,たいてい,大抵,usually,3,大抵
154,ときどき,時々,sometimes,3,時
160,かいもの,買い物,shopping,4,買物
163,いぬ,犬,dog,4,犬
164,おみやげ,お土産,souvenir,4,土産
165,こども,子供,child,4,子供
166,ごはん,御飯,rice; meal,4,御飯
167,しゃしん,写真,picture; photograph,4,写真
168,つくえ,机,desk,4,机
169,てがみ,手紙,letter,4,手紙
170,ねこ,猫,cat,4,猫
172,ひと,人,person,4,人
173,おてら,お寺,temple,4,寺
174,こうえん,公園,park,4,公園
177,バスてい,バス停,bus stop,4,停
178,びょういん,病院,hospital,4,病院
180,ほんや,本屋,bookstore,4,本屋
181,まち,町,town; city,4,町
183,きのう,昨日,yesterday,4,昨日
185,〜じかん,〜時間,hour,4,時間
186,いちじかん,一時間,one hour,4,一時間
187,せんしゅう,先週,last week,4,先週
188,とき,時,when...; at the time of...,4,時
189,かようび,火曜日,Tuesday,4,火曜日
190,すいようび,水曜日,Wednesday,4,水曜日
191,もくようび,木曜日,Thursday,4,木曜日
192,きんようび,金曜日,Friday,4,金曜日
193,あう,会う,to meet; to see (a person),4,会
195,かう,買う,to buy,4,買
196,かく,書く,to write,4,書
197,とる,撮る,to take (pictures),4,撮
198,まつ,待つ,to wait,4,待
207,ひとりで,一人で,alone,4,一人
209,みぎ,右,right,4,右
210,ひだり,左,left,4,左
211,まえ,前,front,4,前
212,うしろ,後ろ,back,4,後
213,なか,中,inside,4,中
214,うえ,上,on,4,上
215,した,下,under,4,下
217,となり,隣,next,4,隣
218,あいだ,間,between,4,間
221,げつようび,月曜日,Monday,4,月曜日
222,うみ,海,sea,5,海
223,きって,切手,postal stamps,5,切手
224,きっぷ,切符,ticket,5,切符
226,しゅくだい,宿題,homework,5,宿題
227,たべもの,食べ物,food,5,食物
228,たんじょうび,誕生日,birthday,5,誕生日
230,てんき,天気,weather,5,天気
231,のみもの,飲み物,drink,5,飲物
232,はがき,葉書,postcard,5,葉書
234,ひこうき,飛行機,airplane,5,飛行機
235,へや,部屋,room,5,部屋
236,ぼく,僕,I (used by men),5,僕
237,やすみ,休み,holiday; day off; absence,5,休
238,りょこう,旅行,travel,5,旅行
239,あたらしい,新しい,new,5,新
240,あつい,暑い,hot (weather),5,暑
241,あつい,熱い,hot (objects),5,熱
242,いそがしい,忙しい,busy (people/days),5,忙
243,おおきい,大きい,large,5,大
244,おもしろい,面白い,interesting,5,面白
245,こわい,怖い,frightening,5,怖
246,さむい,寒い,cold (weather-not used for objects),5,寒
247,たのしい,楽しい,fun,5,楽
248,ちいさい,小さい,small,5,小
250,ふるい,古い,old (thing - not used for people),5,古
251,むずかしい,難しい,difficult,5,難
253,やすい,安い,inexpensive; cheap (thing),5,安
254,きらい（な）,嫌い,disgusted with; to dislike,5,嫌
256,げんき（な）,元気,healthy; energetic,5,元気
257,しずか（な）,静か,quiet,5,静
258,すき（な）,好き,fond of; to like,5,好
259,だいきらい（な）,大嫌い,to hate,5,大嫌
260,だいすき（な）,大好き,very fond of; to love,5,大好
263,ひま（な）,暇,not busy; to have a lot of free time,5,暇
264,およぐ,泳ぐ,to swim,5,泳
265,きく,聞く,to ask,5,聞
266,のる,乗る,to ride; to board,5,乗
268,でかける,出かける,to go out,5,出
269,いっしょに,一緒に,together,5,一緒
271,だいじょうぶ,大丈夫,It's okay.; Not to worry.; Everything is under control.,5,大丈夫
274,〜まい,〜枚,[counter for flat objects],5,枚
276,おかね,お金,money,6,金
278,おふろ,お風呂,bath,6,風呂
279,かんじ,漢字,kanji; Chinese character,6,漢字
280,きょうかしょ,教科書,textbook,6,教科書
281,こんしゅう,今週,this week,6,今週
282,しみんびょういん,市民病院,Municipal Hospital,6,市民病院
283,つぎ,次,next,6,次
285,でんき,電気,electricity,6,電気
286,でんしゃ,電車,train,6,電車
287,にもつ,荷物,baggage,6,荷物
289,まど,窓,window,6,窓
290,よる,夜,night,6,夜
291,らいしゅう,来週,next week,6,来週
292,らいねん,来年,next year,6,来年
293,たいへん（な）,大変,tough (situation),6,大変
294,あそぶ,遊ぶ,to play; to spend time pleasantly,6,遊
295,いそぐ,急ぐ,to hurry,6,急
296,おふろにはいる,お風呂に入る,to take a bath,6,風呂入
297,かえす,返す,to return (things),6,返
298,けす,消す,to turn off; to erase,6,消
299,しぬ,死ぬ,to die,6,死
300,すわる,座る,to sit down,6,座
301,たつ,立つ,to stand up,6,立
302,たばこをすう,たばこを吸う,to smoke,6,吸
303,つかう,使う,to use,6,使
304,てつだう,手伝う,to help,6,手伝
305,はいる,入る,to enter,6,入
306,もつ,持つ,to carry; to hold,6,持
307,やすむ,休む,to be absent (from...); to rest,6,休
308,あける,開ける,to open (something),6,開
309,おしえる,教える,to teach; to instruct,6,教
310,おりる,降りる,to get off,6,降
311,かりる,借りる,to borrow,6,借
312,しめる,閉める,to close (something),6,閉
314,でんわをかける,電話をかける,to make a phone call,6,電話
315,わすれる,忘れる,to forget; to leave behind,6,忘
316,つれてくる,連れてくる,to bring (a person),6,連
317,もってくる,持ってくる,to bring (a thing),6,持
318,あとで,後で,later on,6,後
319,おそく,遅く,(do something) late,6,遅
321,けっこうです,結構です,That would be fine.; That wouldn't be necessary.,6,結構
323,ほんとうですか,本当ですか,Really?,6,本当
325,あね,姉,(my) older sister,7,姉
327,いもうと,妹,younger sister,7,妹
328,うた,歌,song,7,歌
329,おとうと,弟,younger brother,7,弟
330,おとこのひと,男の人,man,7,男人
331,おにいさん,お兄さん,older brother,7,兄
332,おねえさん,お姉さん,older sister,7,姉
333,おんなのひと,女の人,woman,7,女人
334,かいしゃ,会社,company,7,会社
335,かぞく,家族,family,7,家族
336,かみ,髪,hair,7,髪
337,きょうだい,兄弟,brothers and sisters,7,兄弟
338,くに,国,country; place of origin,7,国
339,くるま,車,car,7,車
341,しょくどう,食堂,cafeteria; dining commons,7,食堂
342,ちち,父,(my) father,7,父
344,め,目,eye,7,目
345,めがね,眼鏡,glasses,7,眼鏡
346,あたまがいい,頭がいい,bright; smart; clever,7,頭
349,せがたかい,背が高い,tall,7,背高
350,せがひくい,背が低い,short (stature),7,背低
351,ながい,長い,long,7,長
352,はやい,早い,fast,7,早
353,みじかい,短い,short (length),7,短
354,しんせつ,親切,kind,7,親切
355,べんり,便利,convenient,7,便利
356,うたう,歌う,to sing,7,歌
358,しる,知る,to get to know,7,知
359,しっています,知っています,I know,7,知
360,しりません,知りません,I do not know,7,知
361,すむ,住む,to live,7,住
363,ふとる,太る,to gain weight,7,太
364,ふとっています,太っています,to be on the heavy side,7,太
366,きる,着る,to put on (clothes above your waist),7,着
369,けっこんする,結婚する,to get married,7,結婚
371,ひとり,一人,one person,7,一人
372,ふたり,二人,two people,7,二人
375,ざんねんですね,残念ですね,That's too bad.,8,残念
377,あめ,雨,rain,8,雨
378,かいしゃいん,会社員,office worker,8,会社員
381,くうき,空気,air,8,空気
382,けさ,今朝,this morning,8,今朝
383,こんげつ,今月,this month,8,今月
384,しごと,仕事,job; work; occupation,8,仕事
385,だいがくせい,大学生,college student,8,大学生
387,てんきよほう,天気予報,weather forecast,8,天気予報
388,ところ,所,place,8,所
390,なつ,夏,summer,8,夏
391,なにか,何か,something,8,何
395,ふゆ,冬,winter,8,冬
397,まいしゅう,毎週,every week,8,毎週
398,らいげつ,来月,next month,8,来月
399,じょうず,上手,skillful; good at...,8,上手
400,へた,下手,clumsy; poor at...,8,下手
401,ゆうめい,有名,famous,8,有名
402,あめがふる,雨が降る,it rains,8,雨降
403,あらう,洗う,to wash,8,洗
404,いう,言う,to say,8,言
406,おそくなる,遅くなる,to be late (for ...),8,遅
407,おもう,思う,to think,8,思
408,きる,切る,to cut,8,切
409,つくる,作る,to make,8,作
410,もっていく,持っていく,to take (something),8,持
411,じろじろみる,じろじろ見る,to stare (at ...),8,見
412,はじめる,始める,to begin,8,始
413,うんてんする,運転する,to drive,8,運転
414,せんたくする,洗濯する,to do laundry,8,洗濯
415,そうじする,掃除する,to clean,8,掃除
416,りょうりする,料理する,to cook,8,料理
419,かんぱい,乾杯,Cheers! (a toast),8,乾杯
421,いいこ,いい子,good child,9,子
422,いろ,色,color,9,色
423,おべんとう,お弁当,boxed lunch,9,弁当
424,おんせん,温泉,spa; hot spring,9,温泉
427,くすり,薬,medicine,9,薬
428,くすりをのむ,薬を飲む,to take medicine,9,薬飲
430,こんど,今度,near future,9,今度
431,さくぶん,作文,essay; composition,9,作文
432,しけん,試験,exam,9,試験
433,しんかんせん,新幹線,Shinkansen; ,9,新幹線
435,せんげつ,先月,last month,9,先月
436,たんご,単語,word; vocabulary,9,単語
438,びょうき,病気,illness; sickness,9,病気
439,あおい,青い,blue,9,青
440,あかい,赤い,red,9,赤
441,くろい,黒い,black,9,黒
442,さびしい,寂しい,lonely,9,寂
443,しろい,白い,white,9,白
444,わかい,若い,young,9,若
445,いじわる,意地悪,mean-spirited,9,意地悪
446,おどる,踊る,to dance,9,踊
447,おわる,終わる,(something) ends,9,終
448,にんきがある,人気がある,to be popular,9,人気
449,はじまる,始まる,(something) begins,9,始
450,ひく,弾く,to play (a string instrument or piano),9,弾
452,おぼえる,覚える,to memorize,9,覚
453,でる,出る,(1) to appear; to attend (2) to exit,9,出
454,うんどうする,運動する,to do physical exercises,9,運動
455,さんぽする,散歩する,to take a walk,9,散歩
456,ぜひ,是非,by all means,9,是非
459,ひとつ,一つ,one,9,一
460,ふたつ,二つ,two,9,二
461,みっつ,三つ,three,9,三
462,よっつ,四つ,four,9,四
463,いつつ,五つ,five,9,五
464,むっつ,六つ,six,9,六
465,ななつ,七つ,seven,9,七
466,やっつ,八つ,eight,9,八
467,ここのつ,九つ,nine,9,九
468,とお,十,ten,9,十
469,あき,秋,fall,10,秋
470,えき,駅,station,10,駅
471,おかねもち,お金持ち,rich person,10,金持
472,かお,顔,face,10,顔
473,きせつ,季節,season,10,季節
475,ことし,今年,this year,10,今年
478,せいかつ,生活,life; living,10,生活
479,せかい,世界,world,10,世界
480,ちかてつ,地下鉄,subway,10,地下鉄
481,てぶくろ,手袋,gloves,10,手袋
482,とこや,床屋,barber's,10,床屋
483,はる,春,spring,10,春
485,びよういん,美容院,beauty parlor,10,美容院
486,びん,便,flight,10,便
487,ふね,船,ship; boat,10,船
488,やきゅう,野球,baseball,10,野球
489,ゆうめいじん,有名人,celebrity,10,有名人
490,よやく,予約,reservation,10,予約
491,らいがっき,来学期,next semester,10,来学期
493,あたたかい,暖かい,warm,10,暖
494,おそい,遅い,slow; late,10,遅
495,すずしい,涼しい,cool (weather),10,涼
496,つめたい,冷たい,cold (thing/people),10,冷
497,ねむい,眠い,sleepy,10,眠
498,かんたん,簡単,easy; simple,10,簡単
500,とまる,泊まる,"to stay (at a hotel, etc.)",10,泊
502,はらう,払う,to pay,10,払
503,きめる,決める,to decide,10,決
504,れんしゅうする,練習する,to practice,10,練習
505,あるいて,歩いて,on foot,10,歩
506,いちばん,一番,best,10,一番
511,はやく,早く,(do something) early; fast,10,早
512,おかし,お菓子,snack; sweets,11,菓子
513,おしょうがつ,お正月,New Year's,11,正月
514,おとこのこ,男の子,boy,11,男子
516,おんなのこ,女の子,girl,11,女子
517,がいこく,外国,foreign country,11,外国
518,かしゅ,歌手,singer,11,歌手
521,こんがっき,今学期,this semester,11,今学期
522,しゃちょう,社長,president of a company,11,社長
523,じゅぎょう,授業,class,11,授業
524,しょうらい,将来,future,11,将来
527,びじゅつかん,美術館,art museum,11,美術館
529,みずうみ,湖,lake,11,湖
530,やま,山,mountain,11,山
531,ゆめ,夢,dream,11,夢
535,かう,飼う,to own (a pet),11,飼
537,とる,取る,to take (a class); to get (a grade),11,取
538,ならう,習う,to learn,11,習
539,のぼる,登る,to climb,11,登
540,はたらく,働く,to work,11,働
541,つかれる,疲れる,to get tired,11,疲
544,しょうかいする,紹介する,to introduce,11,紹介
546,ちこくする,遅刻する,to be late (for an appointment),11,遅刻
547,りゅうがくする,留学する,to study abroad,11,留学
548,あと,後,after (an event),11,後
549,しゅっしん,出身,coming from,11,出身
552,ひさしぶり,久しぶり,it has been a long time,11,久
555,あし,足,leg; foot,12,足
556,いみ,意味,meaning,12,意味
558,かぜ,風,cold,12,風
559,かのじょ,彼女,girlfriend,12,彼女
560,かれ,彼,boyfriend,12,彼
561,きおん,気温,temperature (weather),12,気温
562,くもり,曇り,cloudy weather,12,曇
563,しあい,試合,match; game,12,試合
565,せいせき,成績,"grade (on a test, etc.)",12,成績
566,せき,咳,cough,12,咳
568,は,歯,tooth,12,歯
569,はな,花,flower,12,花
570,はれ,晴れ,sunny weather,12,晴
571,ふく,服,clothes,12,服
572,ふつかよい,二日酔い,hangover,12,二日酔
575,もの,物,thing (concrete object),12,物
576,ゆき,雪,snow,12,雪
577,ようじ,用事,business to take care of,12,用事
578,あまい,甘い,sweet,12,甘
579,いたい,痛い,hurt; painful,12,痛
580,おおい,多い,there are many...,12,多
581,せまい,狭い,narrow; not spacious,12,狭
582,つごうがわるい,都合が悪い,inconvenient; to have a scheduling conflict,12,都合悪
583,わるい,悪い,bad,12,悪
584,すてき,素敵,fantastic,12,素敵
585,かぜをひく,風邪をひく,to catch a cold,12,風邪
586,きょうみがある,興味がある,to be interested (in ...),12,興味
588,のどがかわく,のどが渇く,to become thirsty,12,渇
589,ねつがある,熱がある,to have a fever,12,熱
590,せきがでる,せきが出る,to cough,12,出
591,わかれる,別れる,to break up; to separate,12,別
592,きんちょうする,緊張する,to get nervous,12,緊張
593,しんぱいする,心配する,to worry,12,心配
595,おだいじに,お大事に,Get well soon.,12,大事
596,げんきがない,元気がない,don't look well,12,元気
597,たぶん,多分,probably; maybe,12,多分
599,にさんにち,二三日,for two to three days,12,二三日
600,はじめて,初めて,for the first time,12,初
604,おとな,大人,adult,13,大人
605,がいこくご,外国語,foreign language,13,外国語
606,がっき,楽器,musical instrument,13,楽器
607,からて,空手,karate,13,空手
609,きもの,着物,kimono; Japanese traditional dress,13,着物
611,こうこく,広告,advertisement,13,広告
612,こうちゃ,紅茶,tea (black tea),13,紅茶
613,ことば,言葉,language,13,言葉
616,ぞう,象,elephant,13,象
619,ぶっか,物価,(consumer) prices,13,物価
620,ぶんぽう,文法,grammar,13,文法
621,べんごし,弁護士,lawyer,13,弁護士
622,ぼしゅう,募集,recruitment,13,募集
623,みせ,店,shop; store,13,店
625,やくそく,約束,promise; appointment,13,約束
627,わたくし,私,I (formal),13,私
629,かなしい,悲しい,sad,13,悲
630,からい,辛い,hot and spicy; salty,13,辛
631,きびしい,厳しい,strict,13,厳
632,ちかい,近い,close; near,13,近
634,しあわせ,幸せ,happy (lasting happiness),13,幸
636,あむ,編む,to knit,13,編
637,かす,貸す,to lend; to rent,13,貸
638,がんばる,頑張る,to do one's best; to try hard,13,頑張
639,なく,泣く,to cry,13,泣
640,みがく,磨く,to brush (teeth); to polish,13,磨
641,やくそくをまもる,約束を守る,to keep a promise,13,約束守
642,かんどうする,感動する,to be moved/touched (by ...),13,感動
644,じつは,実は,"as a matter of fact, ...",13,実
645,ぜんぶ,全部,all,13,全部
646,いちにち,一日,one day,13,一日
647,ふつか,二日,two days,13,二日
648,みっか,三日,three days,13,三日
649,よっか,四日,four days,13,四日
650,いつか,五日,five days,13,五日
651,むいか,六日,six days,13,六日
652,なのか,七日,seven days,13,七日
653,ようか,八日,eight days,13,八日
654,ここのか,九日,nine days,13,九日
655,とおか,十日,ten days,13,十日
656,よろしくおねがいします,よろしくお願いします,Thank you (in advance),13,願
658,あに,兄,(my) older brother,14,兄
659,おおやさん,大家さん,landlord,14,大家
660,おかえし,お返し,return (as a token of gratitude),14,返
661,おくさん,奥さん,(your/his) wife,14,奥
668,さら,皿,plate; dish,14,皿
669,じかん,時間,time,14,時間
671,でんしメール,電子メール,e-mail,14,電子
673,はは,母,(my) mother,14,母
676,ふうふ,夫婦,married couple; husband and wife,14,夫婦
679,まんが,漫画,comic book,14,漫画
682,ゆびわ,指輪,ring,14,指輪
683,りょうしん,両親,parents,14,両親
684,りれきしょ,履歴書,resume,14,履歴書
685,ほしい,欲しい,to want,14,欲
687,おくる,送る,to send,14,送
688,にあう,似合う,to look good (on somebody),14,似合
693,そうだんする,相談する,to consult,14,相談
695,おなじ,同じ,same,14,同
696,きょねん,去年,last year,14,去年
697,わたしたち,私たち,we,14,私
700,こ,個,[generic counter for smaller items],14,個
701,さつ,冊,[counter for bound volumes],14,冊
702,だい,台,[counter for equipment],14,台
703,ひき,匹,[counter for smaller animals],14,匹
704,ぽん,本,[counter for long objects],14,本
705,え,絵,painting; picture; drawing,15,絵
706,えいがかん,映画館,movie theater,15,映画館
707,がいこくじん,外国人,foreigner,15,外国人
708,かぐ,家具,furniture,15,家具
709,かんこう,観光,sightseeing,15,観光
710,けっこんしき,結婚式,wedding,15,結婚式
711,じしん,地震,earthquake,15,地震
712,しめきり,締め切り,deadline,15,締切
714,しゅうかん,習慣,custom,15,習慣
715,ぜいきん,税金,tax,15,税金
716,そつぎょうしき,卒業式,graduation ceremony,15,卒業式
718,ちず,地図,map,15,地図
719,でんち,電池,battery,15,電池
720,にわ,庭,garden,15,庭
721,はっぴょう,発表,presentation,15,発表
722,ばんぐみ,番組,broadcast program,15,番組
725,よてい,予定,schedule,15,予定
726,りょかん,旅館,inn,15,旅館
727,わりびきけん,割引券,discount coupon,15,割引券
728,ひろい,広い,spacious; wide,15,広
729,うる,売る,to sell,15,売
730,おろす,下ろす,to withdraw (money),15,下
732,さがす,探す,to look for,15,探
733,さそう,誘う,to invite,15,誘
734,つきあう,付き合う,(1) to date (someone) (2) to keep company,15,付合
735,つく,着く,to arrive,15,着
736,ほけんにはいる,保険に入る,to buy insurance,15,保険入
737,きをつける,気をつける,to be cautious/careful,15,気
738,しらべる,調べる,to look into (a matter),15,調
739,すてる,捨てる,to throw away,15,捨
740,みえる,見える,to be visible,15,見
742,そつぎょうする,卒業する,to graduate (from ...),15,卒業
743,よやくする,予約する,to reserve,15,予約
744,いちにちじゅう,一日中,all day long,15,一日中
745,さいきん,最近,recently,15,最近
746,えきいん,駅員,station attendant,16,駅員
747,おや,親,parent,16,親
749,さとう,砂糖,sugar,16,砂糖
750,しょうがくきん,奨学金,scholarship,16,奨学金
751,しんせき,親せき,relatives,16,親
752,すいせんじょう,推薦状,letter of recommendation,16,推薦状
753,だいがくいん,大学院,graduate school,16,大学院
754,たいふう,台風,typhoon,16,台風
755,ひ,日,day,16,日
757,みち,道,way; road; directions,16,道
758,めざましどけい,目覚まし時計,alarm clock,16,目覚時計
759,きたない,汚い,dirty,16,汚
760,おこす,起こす,to wake (someone) up,16,起
762,おちこむ,落ち込む,to get depressed,16,落込
763,こまる,困る,to have difficulty,16,困
764,だす,出す,to take (something) out; to hand in (something),16,出
765,つれていく,連れていく,to take (someone) to (a place),16,連
766,なおす,直す,to correct; to fix,16,直
767,みちにまよう,道に迷う,to become lost; to lose one's way,16,道迷
768,やくす,訳す,to translate,16,訳
769,わらう,笑う,to laugh,16,笑
771,あつめる,集める,to collect,16,集
772,いれる,入れる,to put (something) in,16,入
773,のりおくれる,乗り遅れる,"to miss (a train, bus, etc.)",16,乗遅
774,みせる,見せる,to show,16,見
775,あさねぼうする,朝寝坊する,to oversleep,16,朝寝坊
776,あんないする,案内する,to show (someone) around,16,案内
777,せつめいする,説明する,to explain,16,説明
778,むかえにくる,迎えに来る,to come to pick up (someone),16,迎来
780,きょうじゅうに,今日中に,by the end of today,16,今日中
781,このあいだ,この間,the other day,16,間
784,しつれいします,失礼します,Excuse me..; Sorry to interrupt you.,16,失礼
785,じぶんで,自分で,(do something) oneself,16,自分
786,じゅぎょうちゅうに,授業中に,in class; during the class,16,授業中
788,おきゃくさん,お客さん,guest; visitor; client; customer,17,客
789,おとこ,男,man,17,男
790,おゆ,お湯,hot water,17,湯
791,おんな,女,woman,17,女
793,かみ,紙,paper,17,紙
794,きゅうりょう,給料,salary,17,給料
796,さいてい,最低,the lowest; the worst,17,最低
798,ざんぎょう,残業,overtime work,17,残業
800,たからくじ,宝くじ,lottery,17,宝
801,ちがい,違い,difference,17,違
804,ひみつ,秘密,secret,17,秘密
805,りょう,寮,dormitory,17,寮
806,りょこうがいしゃ,旅行会社,travel agency,17,旅行会社
808,すくない,少ない,a little; a few,17,少
809,つよい,強い,strong,17,強
810,えらぶ,選ぶ,to choose; to select,17,選
811,かみをとかす,髪をとかす,to comb one's hair,17,髪
812,おゆをわかす,お湯を沸かす,to boil water,17,湯沸
813,こむ,込む,to get crowded,17,込
814,たからくじにあたる,宝くじに当たる,to win a lottery,17,宝当
815,ぬぐ,脱ぐ,to take off (clothes),17,脱
819,たりる,足りる,to be sufficient; to be enough,17,足
820,なれる,慣れる,to get used to...,17,慣
821,けしょうする,化粧する,to put makeup on,17,化粧
822,しゅうしょくする,就職する,to get a full-time job (at...),17,就職
824,りこんする,離婚する,to get a divorce,17,離婚
826,じぶん,自分,oneself,17,自分
830,たとえば,例えば,for example,17,例
831,〜にくらべて,〜に比べて,compared with ...,17,比
833,まえ,前,before...,17,前
835,あと,後,the rest,18,後
838,ぎゅうにゅう,牛乳,milk,18,牛乳
842,しょうゆ,しょう油,soy sauce,18,油
843,そと,外,outside,18,外
845,にっき,日記,diary,18,日記
847,やちん,家賃,rent,18,家賃
848,ゆうがた,夕方,evening,18,夕方
850,るすばんでんわ,留守番電話,answering machine,18,留守番電話
851,れいぞうこ,冷蔵庫,refrigerator,18,冷蔵庫
853,あかるい,明るい,bright,18,明
854,きぶんがわるい,気分が悪い,to feel sick,18,気分悪
855,はずかしい,恥ずかしい,embarassing; to feel embarassed,18,恥
856,あく,開く,(something) opens,18,開
857,あやまる,謝る,to apologize,18,謝
858,おす,押す,to press; to push,18,押
859,おとす,落とす,to drop (something),18,落
860,おゆがわく,お湯が沸く,water boils,18,湯沸
861,ころぶ,転ぶ,to fall down,18,転
862,こわす,壊す,to break (something),18,壊
863,さく,咲く,to bloom,18,咲
864,しまる,閉まる,(something) closes,18,閉
865,たすかる,助かる,to be saved; to be helped,18,助
866,たのむ,頼む,to ask (a favor),18,頼
868,よごす,汚す,to make dirty,18,汚
869,おちる,落ちる,(something) drops,18,落
870,かんがえる,考える,to think (about); to consider,18,考
871,きえる,消える,(something) goes off,18,消
872,こわれる,壊れる,(something) breaks,18,壊
873,よごれる,汚れる,to become dirty,18,汚
874,ちゅうもんする,注文する,to place an order,18,注文
875,いますぐ,今すぐ,right away,18,今
877,おさきにしつれいします,お先に失礼します,"See you. (lit., I'm leaving ahead of you.)",18,先失礼
878,おつかれさまでした,お疲れ様でした,You must be tired after working so hard. (ritualistic expression),18,疲様
879,ほんとうに,本当に,really,18,本当
883,しょうたいする,招待する,to invite someone (to an event/a place),19,招待
884,おくさま,奥様,(your/his) wife (polite),19,奥様
885,おこさん,お子さん,(your/their) child (polite),19,子
886,おれい,お礼,expression of gratitude,19,礼
887,けいご,敬語,honorific language,19,敬語
889,しゅっちょう,出張,business trip,19,出張
890,しゅるい,種類,a kind; a sort,19,種類
891,せいかく,性格,personality,19,性格
892,ちゅうがくせい,中学生,junior high school student,19,中学生
894,なまけもの,怠け者,lazy person,19,怠者
895,なやみ,悩み,worry,19,悩
896,はずかしがりや,恥ずかしがり屋,shy person,19,恥屋
897,はなし,話,chat; talk,19,話
898,ぶちょう,部長,department manager,19,部長
899,ぶんか,文化,culture,19,文化
900,まちがい,間違い,mistake,19,間違
901,なかがいい,仲がいい,be on good/close terms; to get along well,19,仲
904,おくる,送る,to walk/drive (someone),19,送
905,おこる,怒る,to get angry,19,怒
907,おやすみになる,お休みになる,honorific expression for ねる,19,休
908,きまる,決まる,to be decided,19,決
909,くださる,下さる,honorific expression for くれる,19,下
910,ごらんになる,ご覧になる,honorific expression for みる,19,覧
911,しりあう,知り合う,to get aquainted with,19,知合
914,ひっこす,引っ越す,to move (to another place to live),19,引越
915,めしあがる,召し上がる,honorific expression for たべる and のむ,19,召上
916,よぶ,呼ぶ,to call (one's name); to invite,19,呼
917,よる,寄る,to stop by,19,寄
918,おくれる,遅れる,to become late,19,遅
920,はれる,晴れる,to become sunny,19,晴
922,えんりょする,遠慮する,to hold back for the time being; to refrain from,19,遠慮
924,ちゅういする,注意する,to watch out; to give warning,19,注意
925,はなしをする,話をする,to have a talk,19,話
928,ほんとうは,本当は,in fact; originally,19,本当
929,まいあさ,毎朝,every morning,19,毎朝
931,〜めいさま,〜名様,party of ... people,19,名様
933,よろしくおつたえください,よろしくお伝えください,Please give my best regards (to ...),19,伝
935,うちゅうじん,宇宙人,space alien,20,宇宙人
936,おと,音,sound,20,音
937,かかりのもの,係の者,our person in charge,20,係者
938,かど,角,corner,20,角
939,かみさま,神様,God,20,神様
940,くうこう,空港,airport,20,空港
941,じ,字,letter; character,20,字
942,してん,支店,branch office,20,支店
943,しゅみ,趣味,hobby; pastime,20,趣味
944,しょうせつ,小説,novel,20,小説
945,しんごう,信号,traffic light,20,信号
947,せんす,扇子,fan,20,扇子
948,つき,月,moon,20,月
951,おもい,重い,heavy; serious (illness),20,重
952,あるく,歩く,to walk,20,歩
953,いたす,致す,extra-modest expression for する,20,致
954,いただく,頂く,extra-modest expression for たべる and のむ,20,頂
955,いただく,頂く,humble expression for もらう,20,頂
956,うかがう,伺う,to humbly visit; to humbly ask,20,伺
961,まいる,参る,extra-modest expression for いく and くる,20,参
962,まがる,曲がる,to turn (right/left),20,曲
963,もうす,申す,extra-modest expression for いう,20,申
964,もどる,戻る,to return; to come back,20,戻
965,きこえる,聞こえる,to be audible,20,聞
966,さしあげる,差し上げる,humble expression for あげる,20,差上
967,つたえる,伝える,to convey (message),20,伝
968,またせる,待たせる,to keep (someone) waiting,20,待
969,こうかんする,交換する,to exchange,20,交換
970,せいかつする,生活する,to lead a life,20,生活
971,へんぴんする,返品する,to return (merchandise),20,返品
973,〜かい,〜階,...th floor,20,階
976,しつれいしました,失礼しました,I'm very sorry,20,失礼
977,しょうしょう,少々,a few seconds,20,少
980,まことに,誠に,really (very polite),20,誠
982,もうしわけありません,申し訳ありません,You have my apologies.,20,申訳
984,あかちゃん,赤ちゃん,baby,21,赤
985,か,蚊,mosquito,21,蚊
986,かいぎ,会議,business meeting; conference,21,会議
988,かんきょう,環境,environment,21,環境
989,けいさつ,警察,police; police station,21,警察
990,こうじょう,工場,factory,21,工場
991,こと,事,things; matters,21,事
992,しゅうでん,終電,last train,21,終電
994,せいふ,政府,government,21,政府
996,どろぼう,泥棒,burgular,21,泥棒
998,はんにん,犯人,criminal,21,犯人
1000,むかし,昔,old days; past,21,昔
1001,もんく,文句,complaint,21,文句
1002,もんくをいう,文句を言う,to complain,21,文句言
1003,るす,留守,absence; not at home,21,留守
1004,とおい,遠い,far (away),21,遠
1006,あんぜん,安全,safe,21,安全
1007,たいせつ,大切,precious; valuable,21,大切
1009,おく,置く,to put; to lay; to place,21,置
1010,きがつく,気が付く,to notice,21,気付
1012,さす,刺す,to sting; to bite (bug); to stab,21,刺
1013,さわる,触る,to touch,21,触
1014,つかまる,捕まる,to be arrested; to be caught,21,捕
1015,つつむ,包む,to wrap; to cover,21,包
1016,なぐる,殴る,to strike; to hit; to punch,21,殴
1017,ぬすむ,盗む,to steal; to rob,21,盗
1018,はる,貼る,to post,21,貼
1019,ふむ,踏む,to step on,21,踏
1021,やく,焼く,to bake,21,焼
1024,きがえる,着替える,to change clothes,21,着替
1028,まちがえる,間違える,to make a mistake,21,間違
1029,みつける,見つける,to find,21,見
1030,じゅんびする,準備する,to prepare,21,準備
1033,ひるねをする,昼寝をする,to take a nap,21,昼寝
1034,れんらくする,連絡する,to contact,21,連絡
1035,〜あいだに,〜間に,while...,21,間
1037,すこし,少し,a little,21,少
1039,どうりょう,同僚,colleague,21,同僚
1040,あいて,相手,partner,22,相手
1041,うけつけ,受付,reception desk,22,受付
1042,えいかいわ,英会話,English conversation,22,英会話
1043,おじょうさん,お嬢さん,(someone's) daughter (polite),22,嬢
1044,かじ,家事,household matters,22,家事
1045,かぜ,風,wind,22,風
1046,き,木,tree,22,木
1047,きまつしけん,期末試験,final examination,22,期末試験
1048,こうはい,後輩,junior members of a group,22,後輩
1049,さる,猿,monkey,22,猿
1050,じゆう,自由,freedom,22,自由
1051,じゅく,塾,cram school,22,塾
1052,しょるい,書類,document,22,書類
1053,せんぱい,先輩,senior members of a group,22,先輩
1054,ひとりぐらし,一人暮らし,living alone,22,一人暮
1055,ぶか,部下,subordinate,22,部下
1056,ふくしゅう,復習,review of lessons,22,復習
1059,むだづかい,無駄遣い,waste (money),22,無駄遣
1060,めんきょ,免許,license,22,免許
1061,よしゅう,予習,preparation of lessons,22,予習
1063,しんぱい,心配,worried about,22,心配
1064,びんぼう,貧乏,poor,22,貧乏
1066,へん,変,strange; unusual,22,変
1067,らく,楽,easy; comfortable,22,楽
1068,かつ,勝つ,to win,22,勝
1069,コピーをとる,コピーを取る,to make a photocopy,22,取
1070,はこぶ,運ぶ,to carry from one place to another; transport,22,運
1071,はしる,走る,to run,22,走
1072,ひろう,拾う,to pick up (something),22,拾
1073,ふく,吹く,to blow,22,吹
1074,ほうっておく,放っておく,to leave (someone/something) alone; to neglect,22,放
1075,まにあう,間に合う,to be in time for,22,間合
1076,むかえにいく,迎えに行く,to go to pick up (someone),22,迎行
1077,けいかくをたてる,計画を立てる,to make a plan,22,計画立
1078,そだてる,育てる,to raise; to bring up,22,育
1079,たすける,助ける,to help; to rescue,22,助
1080,まける,負ける,to lose (a match),22,負
1081,おねがいする,お願いする,to pray for help,22,願
1082,さんせいする,賛成する,to agree,22,賛成
1083,しっぱいする,失敗する,to fail; to be unsuccessful,22,失敗
1084,てつやする,徹夜する,to stay up all night,22,徹夜
1085,はんたいする,反対する,to oppose; to object to,22,反対
1086,ほんやくする,翻訳する,to translate,22,翻訳
1089,ぜったいに,絶対に,definitely,22,絶対
1092,なんども,何度も,many times,22,何度
1094,もうすこし,もう少し,a little more,22,少
1095,おもいで,思い出,memory,23,思出
1096,かいがいりょこう,海外旅行,trip to a foreign country,23,海外旅行
1097,からだ,体,body,23,体
1098,くつした,靴下,socks,23,靴下
1099,こくさいでんわ,国際電話,international call,23,国際電話
1100,じゅぎょうりょう,授業料,tuition,23,授業料
1101,しょうがっこう,小学校,elementary school,23,小学校
1102,せんきょ,選挙,election,23,選挙
1105,ばしょ,場所,place,23,場所
1106,べっそう,別荘,villa; vacation home,23,別荘
1108,ぼんおどり,盆踊り,Bon dance (Japanese traditional dance),23,盆踊
1109,めんせつ,面接,interview,23,面接
1110,ゆうしょく,夕食,dinner,23,夕食
1111,りそう,理想,ideal,23,理想
1112,るすばん,留守番,looking after a house during one's absence,23,留守番
1114,あめがやむ,雨がやむ,the rain stops,23,雨
1116,おせわになる,お世話になる,to be in someone's care,23,世話
1118,ちがう,違う,to be different; wrong,23,違
1120,わるぐちをいう,悪口を言う,to talk behind someone's back,23,悪口言
1121,うける,受ける,"to take (an examination, interview, etc.)",23,受
1122,かえる,換える,to change,23,換
1123,はなれる,離れる,(something/someone) separates; parts from,23,離
1124,〜かおをする,〜顔をする,to look ...(facial expression),23,顔
1126,がまんする,我慢する,to be tolerant/patient,23,我慢
1127,せわをする,世話をする,to take care of ...,23,世話
1128,どうじょうする,同情する,to sympathize,23,同情
1130,もどってくる,戻ってくる,(something/someone) comes back,23,戻
1131,ゆうしょうする,優勝する,to win a championship,23,優勝
1133,げんきでね,元気でね,Take care of yourself.,23,元気
